timestamp,article_id,title,status,gate_score,gate_pass,issues,spec_hash,goldens_hash
2026-02-06T09:44:11.513667,690770903358,,failed,0,False,REFETCH_FAILED,,
2026-02-06T09:46:23.841864,690770903358,,failed,0,False,REFETCH_FAILED,,
2026-02-06T09:49:05.685363,690770903358,,failed,0,False,REFETCH_FAILED,,
2026-02-06T09:51:26.399722,690770903358,,failed,0,False,REFETCH_FAILED,,
2026-02-06T10:01:16.785118,690770870590,,failed,0,False,REFETCH_FAILED,,
2026-02-06T10:04:35.971191,690770805054,,failed,0,False,REFETCH_FAILED,,
2026-02-06T10:08:20.478618,690770772286,,failed,0,False,REFETCH_FAILED,,
2026-02-06T10:10:39.728428,690770772286,,failed,0,False,REFETCH_FAILED,,
2026-02-06T10:13:27.644445,690770772286,,failed,0,False,REFETCH_FAILED,,
2026-02-06T10:15:51.921303,690770772286,Calendula Salve Skin Healing: Uses and Application Guide,failed,8,False,GATE_FAIL,,
2026-02-06T11:03:58.043702,690770739518,,failed,0,False,REFETCH_FAILED,,
2026-02-06T11:08:49.653893,690770739518,Wound Healing Poultice: Herbal Paste Recipe for Minor Cuts,failed,8,False,GATE_FAIL,,
2026-02-06T11:13:31.949769,690770739518,,failed,0,False,REFETCH_FAILED,,
2026-02-06T11:19:10.267379,690770739518,Wound Healing Poultice: Herbal Paste Recipe for Minor Cuts,failed,7,False,GATE_FAIL,,
2026-02-06T11:25:27.531837,690770706750,,failed,0,False,REFETCH_FAILED,,
2026-02-06T11:30:33.918028,690770706750,DIY Vapor Rub for Congestion: Safe Comfort Guide,failed,7,False,GATE_FAIL,,
2026-02-06T11:35:26.309830,690770706750,DIY Vapor Rub for Congestion: Safe Comfort Guide,failed,7,False,GATE_FAIL,,
2026-02-06T11:40:47.940222,690770706750,DIY Vapor Rub for Congestion: Safe Comfort Guide,failed,8,False,GATE_FAIL,,
2026-02-06T13:54:47.310471,690770608446,Herbal Tinctures: Beginner Guide to Safe DIY Extracts,failed,7,False,GATE_FAIL,,
2026-02-06T13:58:40.669290,690770608446,,failed,0,False,REFETCH_FAILED,,
2026-02-06T14:22:14.786998,690770575678,,failed,0,False,REFETCH_FAILED,,
2026-02-06T14:27:31.465057,690770575678,,failed,0,False,REFETCH_FAILED,,
2026-02-06T14:32:48.485841,690770575678,,failed,0,False,REFETCH_FAILED,,
2026-02-06T15:24:19.954509,690770542910,,failed,0,False,REFETCH_FAILED,,
2026-02-06T15:28:16.359433,690770477374,,failed,0,False,REFETCH_FAILED,,
2026-02-06T15:30:48.222546,690770477374,Muscle Rub Homemade Relief: Warming Herbal Recipe for Aches,failed,7,False,GATE_FAIL,,
2026-02-06T15:33:18.565197,690770477374,,failed,0,False,REFETCH_FAILED,,
2026-02-06T15:36:11.004749,690770477374,,failed,0,False,REFETCH_FAILED,,
2026-02-06T15:40:42.086355,690770444606,,failed,0,False,REFETCH_FAILED,,
2026-02-06T18:19:17.595621,690770247998,Elderberry Syrup: Homemade Immune Support Recipe That Works,done,9,True,force_rebuild,,
2026-02-07T00:00:17.450829,690524913982,Coriander in Containers Grow: Seed to Spice Home Guide,done,9,True,force_rebuild,,
2026-02-07T01:17:34.590267,690524815678,Moringa Benefits Uses Safety: Practical Daily Guide for Beginners,done,9,True,force_rebuild,,
2026-02-07T01:49:41.317805,690524782910,"Jasmine Flower Growing Guide: Benefits, Care, and Blooming Tips",failed,8,False,GATE_FAIL,,
2026-02-07T01:54:25.890171,690524782910,,failed,0,False,REFETCH_FAILED,,
2026-02-07T01:58:52.661095,690524782910,,failed,0,False,REFETCH_FAILED,,
2026-02-07T02:04:21.432263,690524750142,Pepper Harvests Boost Yield: Cinnamon Tips for Bigger Crops,done,9,True,manual_review_fix,,
2026-02-07T02:08:54.602218,690524717374,,failed,0,False,REFETCH_FAILED,,
2026-02-07T02:12:28.429202,690524717374,,failed,0,False,REFETCH_FAILED,,
2026-02-07T02:17:05.433056,690524717374,Banana Hanger DIY Butterfly Feeder: Easy Backyard Build,failed,7,False,GATE_FAIL,,
2026-02-07T02:21:01.912855,690524717374,,failed,0,False,REFETCH_FAILED,,
2026-02-07T02:41:56.493387,690524684606,,failed,0,False,REFETCH_FAILED,,
2026-02-07T02:43:50.237795,690524684606,,failed,0,False,REFETCH_FAILED,,
2026-02-07T02:47:01.835706,690524651838,,failed,0,False,REFETCH_FAILED,,
2026-02-07T02:50:51.692921,690524619070,,failed,0,False,REFETCH_FAILED,,
2026-02-07T02:53:07.501890,690524619070,Tree Stump Removal Easy Ways: Safe Methods for Small Yards,failed,7,False,GATE_FAIL,,
2026-02-07T02:55:28.141993,690524619070,,failed,0,False,REFETCH_FAILED,,
2026-02-07T02:58:20.405431,690524619070,,failed,0,False,REFETCH_FAILED,,
2026-02-07T09:17:06.991963,690524062014,,failed,0,False,REFETCH_FAILED,,
2026-02-07T09:19:29.183666,690524062014,Natural Cleaning Products Vinegar Recipes: Easy DIY at Home,failed,7,False,GATE_FAIL,,
2026-02-07T09:21:59.525924,690524062014,,failed,0,False,REFETCH_FAILED,,
2026-02-07T09:24:51.817089,690524062014,Natural Cleaning Products Vinegar Recipes: Easy DIY at Home,failed,7,False,GATE_FAIL,,
2026-02-07T09:28:12.373830,690770870590,,failed,0,False,REFETCH_FAILED,,
2026-02-07T09:30:32.050154,690770870590,,failed,0,False,REFETCH_FAILED,,
2026-02-07T09:32:59.848523,690770870590,,failed,0,False,REFETCH_FAILED,,
2026-02-07T12:56:49.945493,690770444606,Headache Relief Natural Remedies: Simple Herbal Options Guide,failed,8,False,GATE_FAIL,,
2026-02-07T13:01:12.794817,690770444606,,failed,0,False,REFETCH_FAILED,,
2026-02-07T13:06:48.665747,690770444606,,failed,0,False,REFETCH_FAILED,,
2026-02-07T13:12:59.004126,690524979518,Bitter Melon Growing in Containers: Home Care Tips,done,9,True,manual_review_fix,,
2026-02-07T14:00:45.812821,690524848446,,failed,0,False,REFETCH_FAILED,,
2026-02-07T14:17:50.818505,690524848446,,failed,0,False,REFETCH_FAILED,,
2026-02-07T14:30:04.678245,690524815678,,failed,0,False,REFETCH_FAILED,,
2026-02-07T17:23:59.160962,690524586302,,failed,0,False,REFETCH_FAILED,,
2026-02-07T17:26:19.019187,690524586302,,failed,0,False,REFETCH_FAILED,,
2026-02-07T17:30:54.409555,690524520766,,failed,0,False,REFETCH_FAILED,,
2026-02-07T17:33:16.189228,690524520766,,failed,0,False,REFETCH_FAILED,,
2026-02-07T17:36:00.783106,690524520766,,failed,0,False,REFETCH_FAILED,,
2026-02-07T17:38:48.077597,690524520766,Grow Cinnamon Trees from Seed: Complete Home Guide,failed,8,False,GATE_FAIL,,
2026-02-07T18:02:37.625401,690524520766,,failed,0,False,REFETCH_FAILED,,
2026-02-07T18:04:55.242700,690524520766,,failed,0,False,REFETCH_FAILED,,
2026-02-07T18:07:45.533907,690524520766,,failed,0,False,REFETCH_FAILED,,
2026-02-07T18:10:38.689068,690524520766,,failed,0,False,REFETCH_FAILED,,
2026-02-07T18:14:30.483600,690524455230,,failed,0,False,REFETCH_FAILED,,
2026-02-07T18:16:39.913714,690524455230,,failed,0,False,REFETCH_FAILED,,
2026-02-07T18:19:30.422876,690524455230,,failed,0,False,REFETCH_FAILED,,
2026-02-07T18:22:12.471382,690524455230,,failed,0,False,REFETCH_FAILED,,
2026-02-07T23:16:27.325216,690523963710,Elderberry Syrup Immune Support: Complete Homemade Recipe Guide,done,9,True,manual_review_fix,,
2026-02-07T23:51:34.342545,690523898174,,failed,0,False,REFETCH_FAILED,,
2026-02-08T00:59:18.316326,690523865406,,failed,0,False,REFETCH_FAILED,,
2026-02-08T01:01:42.240266,690523865406,,failed,0,False,REFETCH_FAILED,,
2026-02-08T01:04:21.644017,690523865406,,failed,0,False,REFETCH_FAILED,,
2026-02-08T01:06:41.722838,690523865406,,failed,0,False,REFETCH_FAILED,,
2026-02-08T01:11:53.817264,690523832638,,failed,0,False,REFETCH_FAILED,,
2026-02-08T01:14:10.656198,690523832638,,failed,0,False,REFETCH_FAILED,,
2026-02-08T01:16:35.294109,690523832638,,failed,0,False,REFETCH_FAILED,,
2026-02-08T01:19:20.496901,690523832638,,failed,0,False,REFETCH_FAILED,,
2026-02-08T01:24:42.486560,690523734334,,failed,0,False,REFETCH_FAILED,,
2026-02-08T03:13:38.677155,690523603262,,failed,0,False,REFETCH_FAILED,,
2026-02-08T03:15:56.709603,690523603262,,failed,0,False,REFETCH_FAILED,,
2026-02-08T03:18:43.247929,690523603262,,failed,0,False,REFETCH_FAILED,,
2026-02-08T03:21:28.199291,690523603262,,failed,0,False,REFETCH_FAILED,,
2026-02-08T03:26:50.808802,690523472190,,failed,0,False,REFETCH_FAILED,,
2026-02-08T03:31:26.538723,690523439422,,failed,0,False,REFETCH_FAILED,,
2026-02-08T03:33:37.248842,690523439422,Lacto-Fermented Hot Sauce Recipe: Probiotic Heat from Fresh Peppers,failed,8,False,GATE_FAIL,,
2026-02-08T03:35:59.497582,690523439422,,failed,0,False,REFETCH_FAILED,,
2026-02-08T03:38:24.540795,690523439422,,failed,0,False,REFETCH_FAILED,,
2026-02-08T04:21:45.750720,690523406654,,failed,0,False,REFETCH_FAILED,,
2026-02-08T04:24:05.286329,690523406654,,failed,0,False,REFETCH_FAILED,,
2026-02-08T04:26:50.482138,690523406654,,failed,0,False,REFETCH_FAILED,,
2026-02-08T04:29:36.189889,690523406654,,failed,0,False,REFETCH_FAILED,,
2026-02-08T04:34:58.340123,690523373886,,failed,0,False,REFETCH_FAILED,,
2026-02-08T04:36:52.013999,690523373886,Fermentation Spoilage Signs: Fixes and Prevention Checklist at Home,done,9,True,force_rebuild,,
2026-02-08T04:39:16.967469,690523373886,,failed,0,False,REFETCH_FAILED,,
2026-02-08T04:42:02.465064,690523373886,,failed,0,False,REFETCH_FAILED,,
2026-02-08T04:46:39.028813,690523341118,,failed,0,False,REFETCH_FAILED,,
2026-02-08T04:48:54.665795,690523341118,,failed,0,False,REFETCH_FAILED,,
2026-02-08T04:51:33.902490,690523341118,,failed,0,False,REFETCH_FAILED,,
2026-02-08T04:53:58.604452,690523341118,,failed,0,False,REFETCH_FAILED,,
2026-02-08T06:40:51.210238,690523210046,,failed,0,False,REFETCH_FAILED,,
2026-02-08T06:43:11.633129,690523210046,,failed,0,False,REFETCH_FAILED,,
2026-02-08T06:45:56.847225,690523210046,,failed,0,False,REFETCH_FAILED,,
2026-02-08T06:48:41.130320,690523210046,Mint Varieties for Tea and Cooking: Complete Flavor Guide,failed,7,False,GATE_FAIL,,
2026-02-08T06:53:55.185614,690523177278,,failed,0,False,REFETCH_FAILED,,
2026-02-08T06:56:11.233514,690523177278,,failed,0,False,REFETCH_FAILED,,
2026-02-08T06:58:25.628646,690523177278,,failed,0,False,REFETCH_FAILED,,
2026-02-08T07:00:57.885822,690523177278,,failed,0,False,REFETCH_FAILED,,
2026-02-08T07:06:16.087498,690523144510,,failed,0,False,REFETCH_FAILED,,
2026-02-08T10:37:38.033392,690513379646,Cleaning with Lemon Juice: What Works and What Does Not,done,9,True,manual_review_fix,,
2026-02-08T10:42:15.504146,690513379646,,failed,0,False,REFETCH_FAILED,,
2026-02-08T10:53:21.398926,690513379646,,failed,0,False,REFETCH_FAILED,,
2026-02-08T11:10:53.048124,690513346878,,failed,0,False,REFETCH_FAILED,,
2026-02-08T11:15:58.746828,690513346878,,failed,0,False,REFETCH_FAILED,,
2026-02-08T12:13:07.779639,690513314110,Baking Soda Deodorizer Sachets for Closets: Easy DIY,failed,7,False,GATE_FAIL,,
2026-02-08T13:35:57.077409,690513281342,,failed,0,False,REFETCH_FAILED,,
2026-02-08T13:40:38.247911,690513248574,,failed,0,False,REFETCH_FAILED,,
2026-02-08T13:43:00.628242,690513248574,Laundry Booster Natural Formula: Without Harsh Chemicals and Residue,failed,8,False,GATE_FAIL,,
2026-02-08T13:45:23.975797,690513248574,,failed,0,False,REFETCH_FAILED,,
2026-02-08T13:48:11.385144,690513248574,,failed,0,False,REFETCH_FAILED,,
2026-02-08T13:52:52.211381,690513215806,Castile Soap Dilution Ratios: Safe Uses for Every Room,done,9,True,manual_review_fix,,
2026-02-08T14:11:31.230964,690513183038,,failed,0,False,REFETCH_FAILED,,
2026-02-08T14:13:49.611534,690513183038,,failed,0,False,REFETCH_FAILED,,
2026-02-08T14:16:43.433493,690513183038,Baking Soda Scrub Kitchen Sink: Natural Clean Routine,failed,7,False,GATE_FAIL,,
2026-02-08T14:19:11.353298,690513183038,,failed,0,False,REFETCH_FAILED,,
2026-02-08T14:24:24.269212,690513150270,,failed,0,False,REFETCH_FAILED,,
2026-02-08T14:26:41.801436,690513150270,,failed,0,False,REFETCH_FAILED,,
2026-02-08T14:29:32.516815,690513150270,,failed,0,False,REFETCH_FAILED,,
2026-02-08T14:32:24.147351,690513150270,,failed,0,False,REFETCH_FAILED,,
2026-02-08T14:37:20.681784,690513117502,,failed,0,False,REFETCH_FAILED,,
2026-02-08T14:39:37.453499,690513117502,Citrus Vinegar Cleaner Recipe: Complete Guide for Kitchen Use,failed,8,False,GATE_FAIL,,
2026-02-08T14:42:01.415910,690513117502,,failed,0,False,REFETCH_FAILED,,
2026-02-08T14:44:46.400773,690513117502,,failed,0,False,REFETCH_FAILED,,
2026-02-08T17:03:56.616213,690504433982,Herbal Salves and Balms: Make Your Own Natural Remedies,done,9,True,manual_review_fix,,
2026-02-08T17:05:58.712457,690504433982,,failed,0,False,REFETCH_FAILED,,
2026-02-08T17:09:00.474724,690504433982,Herbal Salves and Balms: Make Your Own Natural Remedies,done,9,True,force_rebuild,,
2026-02-08T17:11:33.113432,690504433982,,failed,0,False,REFETCH_FAILED,,
2026-02-08T17:17:06.069385,690503254334,,failed,0,False,REFETCH_FAILED,,
2026-02-08T17:21:53.678162,690501222718,Upcycled Glass Jars: Creative Storage Solutions for Every Room,failed,8,False,GATE_FAIL,,
2026-02-08T17:23:55.870339,690501222718,Upcycled Glass Jars: Creative Storage Solutions for Every Room,failed,8,False,GATE_FAIL,,
2026-02-08T17:26:28.028184,690501222718,Upcycled Glass Jars: Creative Storage Solutions for Every Room,failed,8,False,GATE_FAIL,,
2026-02-08T17:28:59.896028,690501222718,,failed,0,False,REFETCH_FAILED,,
2026-02-09T05:05:58.313494,690498863422,,failed,0,False,REFETCH_FAILED,,
2026-02-09T05:07:59.665066,690498863422,,failed,0,False,REFETCH_FAILED,,
2026-02-09T05:10:50.267400,690498863422,,failed,0,False,REFETCH_FAILED,,
2026-02-09T05:13:38.795425,690498863422,Creative Pickling Beyond Cucumbers: Flavorful Brines Guide for Beginners,failed,7,False,GATE_FAIL,,
2026-02-09T05:19:16.283508,690498830654,,failed,0,False,REFETCH_FAILED,,
2026-02-09T05:21:28.247763,690498830654,,failed,0,False,REFETCH_FAILED,,
2026-02-09T05:27:01.393637,690498765118,,failed,0,False,REFETCH_FAILED,,
2026-02-09T05:29:21.706596,690498765118,,failed,0,False,REFETCH_FAILED,,
2026-02-09T05:32:06.712703,690498765118,,failed,0,False,REFETCH_FAILED,,
2026-02-09T05:34:52.410696,690498765118,,failed,0,False,REFETCH_FAILED,,
2026-02-09T10:08:46.266965,690498502974,,failed,0,False,REFETCH_FAILED,,
2026-02-09T10:11:15.169583,690498502974,Homemade Sports Drinks Electrolytes: Simple DIY Hydration Guide,failed,8,False,GATE_FAIL,,
2026-02-09T10:13:47.820528,690498502974,,failed,0,False,REFETCH_FAILED,,
2026-02-09T10:16:37.966526,690498502974,,failed,0,False,REFETCH_FAILED,,
2026-02-09T10:22:20.444724,690498404670,,failed,0,False,REFETCH_FAILED,,
2026-02-09T10:24:41.691742,690498404670,,failed,0,False,REFETCH_FAILED,,
2026-02-09T10:27:10.496659,690498404670,,failed,0,False,REFETCH_FAILED,,
2026-02-09T10:30:02.841718,690498404670,Lip Balm Recipe with Beeswax: Simple DIY Natural Care,failed,7,False,GATE_FAIL,,
2026-02-09T10:35:34.427153,690498339134,,failed,0,False,REFETCH_FAILED,,
2026-02-09T10:37:42.526863,690498339134,Fermented Beverages Kombucha and Kefir Guide: Beginner Steps,failed,5,False,GATE_FAIL,,
2026-02-09T10:40:11.751323,690498339134,,failed,0,False,REFETCH_FAILED,,
2026-02-09T10:43:03.389407,690498339134,Fermented Beverages Kombucha and Kefir Guide: Beginner Steps,failed,8,False,GATE_FAIL,,
2026-02-09T15:53:43.068285,690498076990,,failed,0,False,REFETCH_FAILED,,
2026-02-09T15:55:12.675636,690498076990,,failed,0,False,REFETCH_FAILED,,
2026-02-09T15:57:10.698615,690498076990,,failed,0,False,REFETCH_FAILED,,
2026-02-09T15:59:22.212306,690498076990,,failed,0,False,REFETCH_FAILED,,
2026-02-09T16:05:26.965773,690498011454,,failed,0,False,REFETCH_FAILED,,
2026-02-09T16:07:06.070931,690498011454,,failed,0,False,REFETCH_FAILED,,
2026-02-09T16:08:49.829007,690498011454,,failed,0,False,REFETCH_FAILED,,
2026-02-09T16:10:46.662514,690498011454,Foraging Edible Plants Safely: Beginner Rules and Tips,failed,5,False,GATE_FAIL,,
2026-02-09T16:12:18.423639,690497945918,Meal Planning Less Food Waste: Simple Weekly Strategy,done,9,True,manual_review_fix,,
2026-02-09T16:16:07.268336,690497945918,,failed,0,False,REFETCH_FAILED,,
2026-02-09T16:18:05.436354,690497945918,,failed,0,False,REFETCH_FAILED,,
2026-02-09T16:21:06.199098,690497945918,,failed,0,False,REFETCH_FAILED,,
2026-02-10T01:49:04.432404,690497421630,Bread Baking Basics for Beginners: A Complete Guide to Making Perfect Homemade Bread,failed,7,False,GATE_FAIL,,
2026-02-10T01:51:04.874627,690497421630,,failed,0,False,REFETCH_FAILED,,
2026-02-10T01:53:58.612147,690497421630,,failed,0,False,REFETCH_FAILED,,
2026-02-10T01:56:53.242479,690497421630,,failed,0,False,REFETCH_FAILED,,
2026-02-10T02:01:28.236168,690497356094,Making Herbal Tinctures Complete Guide: Safe Ratios and Uses,failed,6,False,GATE_FAIL,,
2026-02-10T02:05:08.955272,690497356094,,failed,0,False,REFETCH_FAILED,,
2026-02-10T02:08:28.242602,690497356094,,failed,0,False,REFETCH_FAILED,,
2026-02-10T02:12:07.402060,690497356094,,failed,0,False,REFETCH_FAILED,,
2026-02-10T02:18:52.970505,690497257790,,failed,0,False,REFETCH_FAILED,,
2026-02-10T02:21:27.291162,690497257790,,failed,0,False,REFETCH_FAILED,,
2026-02-10T04:19:54.599327,690497126718,,failed,0,False,REFETCH_FAILED,,
2026-02-10T04:25:25.465797,690497061182,Natural Pest Control for Gardens: Organic Methods That Work,failed,8,False,GATE_FAIL,,
2026-02-10T04:27:30.571356,690497061182,,failed,0,False,REFETCH_FAILED,,
2026-02-10T04:30:27.556950,690497061182,,failed,0,False,REFETCH_FAILED,,
2026-02-10T04:33:24.373250,690497061182,,failed,0,False,REFETCH_FAILED,,
2026-02-10T04:39:29.986809,690496995646,Homemade Nut and Seed Butters: Healthy Spreads Guide,failed,7,False,GATE_FAIL,,
2026-02-10T04:41:35.732743,690496995646,,failed,0,False,REFETCH_FAILED,,
2026-02-10T04:44:24.741323,690496995646,,failed,0,False,REFETCH_FAILED,,
2026-02-10T04:46:54.111896,690496995646,,failed,0,False,REFETCH_FAILED,,
2026-02-10T05:10:36.437314,690496930110,Growing Microgreens on Your Windowsill: Fresh Nutrition Guide,done,10,True,manual_review_fix,,
2026-02-10T07:25:58.225525,690496667966,,failed,0,False,REFETCH_FAILED,,
2026-02-10T07:28:18.431734,690496667966,,failed,0,False,REFETCH_FAILED,,
2026-02-10T07:30:44.515043,690496667966,,failed,0,False,REFETCH_FAILED,,
2026-02-10T07:33:39.898594,690496667966,,failed,0,False,REFETCH_FAILED,,
2026-02-10T07:40:04.635483,690496536894,,failed,0,False,REFETCH_FAILED,,
2026-02-10T07:41:56.803249,690496536894,,failed,0,False,REFETCH_FAILED,,
2026-02-10T07:44:48.522328,690496536894,,failed,0,False,REFETCH_FAILED,,
2026-02-10T07:50:56.366774,690496471358,,failed,0,False,REFETCH_FAILED,,
2026-02-10T07:53:16.330179,690496471358,Homemade Fruit Leather Zero Added Sugar: Easy Home Method,failed,7,False,GATE_FAIL,,
2026-02-10T07:55:49.978898,690496471358,Homemade Fruit Leather Zero Added Sugar: Easy Home Method,failed,8,False,GATE_FAIL,,
2026-02-10T07:58:17.414362,690496471358,Homemade Fruit Leather Zero Added Sugar: Easy Home Method,failed,8,False,GATE_FAIL,,
2026-02-10T08:30:42.116787,690496340286,,failed,0,False,REFETCH_FAILED,,
2026-02-10T08:33:04.144313,690496340286,,failed,0,False,REFETCH_FAILED,,
2026-02-10T08:35:51.821998,690496340286,,failed,0,False,REFETCH_FAILED,,
2026-02-10T08:38:39.478675,690496340286,,failed,0,False,REFETCH_FAILED,,
2026-02-10T08:44:40.889930,690496307518,,failed,0,False,REFETCH_FAILED,,
2026-02-10T08:47:04.440547,690496307518,,failed,0,False,REFETCH_FAILED,,
2026-02-10T08:49:58.247996,690496307518,Composting in Small Spaces: Apartment-Friendly Methods for Urban Gardeners,failed,8,False,GATE_FAIL,,
2026-02-10T08:52:19.183249,690496307518,,failed,0,False,REFETCH_FAILED,,
2026-02-10T08:56:02.416216,690496241982,,failed,0,False,REFETCH_FAILED,,
2026-02-10T11:44:54.263312,690495815998,,failed,0,False,REFETCH_FAILED,,
2026-02-10T11:47:20.724094,690495815998,Lacto-Fermented Hot Sauce Recipe Probiotic: Ultimate Condiment Guide,failed,8,False,GATE_FAIL,,
2026-02-10T11:49:45.003660,690495815998,,failed,0,False,REFETCH_FAILED,,
2026-02-10T11:51:52.351883,690495815998,,failed,0,False,REFETCH_FAILED,,
2026-02-10T11:55:44.673281,690495717694,,failed,0,False,REFETCH_FAILED,,
2026-02-10T11:58:06.353353,690495717694,,failed,0,False,REFETCH_FAILED,,
2026-02-10T12:04:20.274381,690495652158,Calming Herbal Tea Blends: Better Sleep Nighttime Guide,done,9,True,manual_review_fix,,
2026-02-10T12:06:23.859281,690495652158,,failed,0,False,REFETCH_FAILED,,
2026-02-10T13:13:48.951941,690495390014,Granola Easy Recipe Oats: Natural Sweeteners and Crunch,failed,7,False,GATE_FAIL,,
2026-02-10T13:15:48.025264,690495324478,Herb-Infused Oils Cooking and Skincare: Safe Infusion Guide,done,10,True,manual_review_fix,,
2026-02-10T14:08:25.836909,690495291710,Vanilla Extract DIY: Simple Ingredients and Timing Guide,failed,5,False,GATE_FAIL,,
2026-02-10T14:09:34.091512,690495291710,,failed,0,False,REFETCH_FAILED,,
2026-02-10T14:12:45.632366,690495291710,,failed,0,False,REFETCH_FAILED,,
2026-02-10T14:16:53.632742,690367758654,Fruit Scrap Vinegar: How to Make and Use,failed,5,False,GATE_FAIL,,
2026-02-10T14:19:14.021232,690367758654,,failed,0,False,REFETCH_FAILED,,
2026-02-10T14:22:02.192353,690367758654,,failed,0,False,REFETCH_FAILED,,
2026-02-10T14:24:43.641802,690367758654,,failed,0,False,REFETCH_FAILED,,
2026-02-10T14:30:45.689321,690331975998,,failed,0,False,REFETCH_FAILED,,
2026-02-10T14:33:00.969525,690331975998,,failed,0,False,REFETCH_FAILED,,
2026-02-10T14:34:58.675576,690331975998,,failed,0,False,REFETCH_FAILED,,
2026-02-10T14:38:01.199097,690331975998,,failed,0,False,REFETCH_FAILED,,
2026-02-10T15:10:52.961398,690331582782,,failed,0,False,REFETCH_FAILED,,
2026-02-10T15:13:20.605133,690331582782,,failed,0,False,REFETCH_FAILED,,
2026-02-10T15:17:26.248823,690331582782,,failed,0,False,REFETCH_FAILED,,
2026-02-10T15:20:37.038183,690331582782,,failed,0,False,REFETCH_FAILED,,
2026-02-10T15:26:38.431706,690330829118,Cottage Garden Ideas: 23 Timeless Designs for Small Yards,failed,7,False,GATE_FAIL,,
2026-02-10T15:28:57.213610,690330829118,,failed,0,False,REFETCH_FAILED,,
2026-02-10T15:35:10.461573,690330599742,Fall Tray Decor: 24 Cozy Ideas for Tables and Shelves,failed,8,False,GATE_FAIL,,
2026-02-10T15:38:27.077956,690330599742,,failed,0,False,REFETCH_FAILED,,
2026-02-10T15:40:57.656415,690330599742,,failed,0,False,REFETCH_FAILED,,
2026-02-10T15:42:57.667799,690330599742,,failed,0,False,REFETCH_FAILED,,
2026-02-10T21:29:14.626179,690329583934,Easy DIY Snowman Crafts: Complete Guide + FAQs,failed,7,False,GATE_FAIL,,
2026-02-11T03:13:56.893592,690314445118,,failed,0,False,REFETCH_FAILED,,
2026-02-11T03:16:21.434590,690314445118,,failed,0,False,REFETCH_FAILED,,
2026-02-11T03:19:09.954254,690314445118,,failed,0,False,REFETCH_FAILED,,
2026-02-11T03:24:46.247120,690314379582,"Lemongrass Benefits: Uses, Dosage, Side Effects &",done,9,True,manual_review_fix,,
2026-02-11T03:30:08.156727,690314346814,,failed,0,False,REFETCH_FAILED,,
2026-02-11T03:32:33.094249,690314346814,,failed,0,False,REFETCH_FAILED,,
2026-02-11T03:35:29.920708,690314346814,,failed,0,False,REFETCH_FAILED,,
2026-02-11T11:47:41.064324,690282987838,,failed,0,False,REFETCH_FAILED,,
2026-02-11T11:53:06.729921,690282889534,Preventing Damping-Off in Sedum Seedlings: The,failed,8,False,GATE_FAIL,,
2026-02-11T11:55:19.697787,690282889534,Preventing Damping-Off in Sedum Seedlings: The,failed,4,False,GATE_FAIL,,
2026-02-11T11:57:59.856003,690282889534,,failed,0,False,REFETCH_FAILED,,
2026-02-11T12:01:20.541033,690282889534,,failed,0,False,REFETCH_FAILED,,
2026-02-11T12:07:20.241783,690282823998,,failed,0,False,REFETCH_FAILED,,
2026-02-11T18:49:00.876847,690282561854,,failed,0,False,REFETCH_FAILED,,
2026-02-11T18:51:44.099739,690282561854,,failed,0,False,REFETCH_FAILED,,
2026-02-11T18:55:03.210403,690282561854,,failed,0,False,REFETCH_FAILED,,
2026-02-11T18:58:03.885857,690282561854,,failed,0,False,REFETCH_FAILED,,
2026-02-11T19:03:39.367382,690282496318,Grow Water Spinach in Semi-Hydro Buckets: A Beginner's Guide,done,9,True,manual_review_fix,,
2026-02-11T19:05:29.212382,690216632638,,failed,0,False,REFETCH_FAILED,,
2026-02-11T19:09:49.730197,690216632638,Harvest Windows for Mustard & Bok Choy: Catch the Sweet,failed,8,False,GATE_FAIL,,
2026-02-11T19:12:39.453264,690216632638,,failed,0,False,REFETCH_FAILED,,
2026-02-11T19:15:04.374890,690216632638,,failed,0,False,REFETCH_FAILED,,
2026-02-11T20:05:13.832333,690216599870,,failed,0,False,REFETCH_FAILED,,
2026-02-11T20:07:18.619189,690216599870,,failed,0,False,REFETCH_FAILED,,
2026-02-11T20:10:26.767738,690216599870,,failed,0,False,REFETCH_FAILED,,
2026-02-11T20:13:34.699631,690216599870,Drip Irrigation on a Budget: One Line for Five Containers,failed,7,False,GATE_FAIL,,
2026-02-11T20:18:50.347312,690216567102,Self-Watering Planters: Wick Height and Reservoir Size Guide,failed,6,False,GATE_FAIL,,
2026-02-11T20:21:05.362224,690216567102,,failed,0,False,REFETCH_FAILED,,
2026-02-11T20:24:06.674257,690216567102,,failed,0,False,REFETCH_FAILED,,
2026-02-11T20:27:10.980742,690216567102,,failed,0,False,REFETCH_FAILED,,
2026-02-11T20:33:41.472485,690216534334,Pollinator Strip Plan: Gomphrena and Fleabane Along Bed,failed,8,False,GATE_FAIL,,
2026-02-11T20:35:51.538017,690216534334,,failed,0,False,REFETCH_FAILED,,
2026-02-11T20:39:01.114577,690216534334,,failed,0,False,REFETCH_FAILED,,
2026-02-11T20:42:11.259747,690216534334,,failed,0,False,REFETCH_FAILED,,
2026-02-11T21:14:07.337104,690216501566,Transplant Shock No More: Hardening-Off Checklists for,failed,8,False,GATE_FAIL,,
2026-02-11T21:16:30.672435,690216501566,,failed,0,False,REFETCH_FAILED,,
2026-02-11T21:21:44.234864,690216468798,,failed,0,False,REFETCH_FAILED,,
2026-02-11T21:24:39.701698,690216468798,,failed,0,False,REFETCH_FAILED,,
2026-02-11T21:27:52.495478,690216468798,"LED Grow Lights for Seedlings: Spectrum, Distance &",failed,7,False,GATE_FAIL,,
2026-02-11T21:31:17.052334,690216468798,,failed,0,False,REFETCH_FAILED,,
2026-02-11T21:37:05.322372,690216436030,,failed,0,False,REFETCH_FAILED,,
2026-02-11T21:39:34.383543,690216436030,,failed,0,False,REFETCH_FAILED,,
2026-02-11T21:42:30.490011,690216436030,,failed,0,False,REFETCH_FAILED,,
2026-02-11T21:45:36.942666,690216436030,,failed,0,False,REFETCH_FAILED,,
2026-02-11T22:16:31.829124,690216403262,,failed,0,False,REFETCH_FAILED,,
2026-02-11T22:19:04.365862,690216403262,,failed,0,False,REFETCH_FAILED,,
2026-02-11T22:21:42.910139,690216403262,,failed,0,False,REFETCH_FAILED,,
2026-02-11T22:24:17.197733,690216403262,,failed,0,False,REFETCH_FAILED,,
2026-02-11T22:29:53.832811,690216370494,,failed,0,False,REFETCH_FAILED,,
2026-02-11T22:32:00.604042,690216370494,,failed,0,False,REFETCH_FAILED,,
2026-02-11T22:36:42.776180,690216337726,,failed,0,False,REFETCH_FAILED,,
2026-02-11T22:39:11.955042,690216337726,,failed,0,False,REFETCH_FAILED,,
2026-02-11T22:41:40.699912,690216337726,,failed,0,False,REFETCH_FAILED,,
2026-02-11T22:44:08.142244,690216337726,,failed,0,False,REFETCH_FAILED,,
2026-02-12T05:05:55.922056,690211553598,,failed,0,False,REFETCH_FAILED,,
2026-02-12T05:07:07.051233,690211553598,,failed,0,False,REFETCH_FAILED,,
2026-02-12T05:09:57.382387,690211553598,,failed,0,False,REFETCH_FAILED,,
2026-02-12T05:12:51.312094,690211553598,,failed,0,False,REFETCH_FAILED,,
2026-02-12T05:18:36.407850,690211520830,,failed,0,False,REFETCH_FAILED,,
2026-02-12T05:21:01.123278,690211520830,,failed,0,False,REFETCH_FAILED,,
2026-02-12T05:23:56.151185,690211520830,,failed,0,False,REFETCH_FAILED,,
2026-02-12T05:26:28.269504,690211520830,,failed,0,False,REFETCH_FAILED,,
2026-02-12T05:31:58.283926,690211488062,,failed,0,False,REFETCH_FAILED,,
2026-02-12T05:34:20.620868,690211488062,,failed,0,False,REFETCH_FAILED,,
2026-02-12T05:37:10.506741,690211488062,,failed,0,False,REFETCH_FAILED,,
2026-02-12T05:39:42.143295,690211488062,,failed,0,False,REFETCH_FAILED,,
2026-02-12T05:51:38.951173,690211422526,,failed,0,False,REFETCH_FAILED,,
2026-02-12T05:56:37.759048,690211389758,,failed,0,False,REFETCH_FAILED,,
2026-02-12T05:58:58.909326,690211389758,"Floral Tea Blends: Gomphrena, Dandelion, and Pandan Trio",failed,8,False,GATE_FAIL,,
2026-02-12T06:01:34.726108,690211389758,,failed,0,False,REFETCH_FAILED,,
2026-02-12T06:04:30.965081,690211389758,,failed,0,False,REFETCH_FAILED,,
2026-02-12T06:09:24.855759,690211324222,,failed,0,False,REFETCH_FAILED,,
2026-02-12T16:47:07.547444,690210963774,,failed,0,False,REFETCH_FAILED,,
2026-02-12T16:48:29.197046,690210963774,,failed,0,False,REFETCH_FAILED,,
2026-02-12T16:50:19.609592,690210963774,,failed,0,False,REFETCH_FAILED,,
2026-02-12T16:52:06.899586,690210963774,,failed,0,False,REFETCH_FAILED,,
2026-02-12T16:54:55.034539,690210931006,,failed,0,False,REFETCH_FAILED,,
2026-02-12T16:56:13.459885,690210931006,,failed,0,False,REFETCH_FAILED,,
2026-02-12T16:57:42.626420,690210931006,,failed,0,False,REFETCH_FAILED,,
2026-02-12T16:59:32.238025,690210931006,Glutinous Corn Kitchen Guide: Sticky Rice Corn Desserts,failed,5,False,GATE_FAIL,,
2026-02-12T17:03:32.458884,690210865470,,failed,0,False,REFETCH_FAILED,,
2026-02-12T17:04:51.180659,690210865470,"Bitter Melon Recipes: Stir-Fry, Stuffed, and Tea",failed,4,False,GATE_FAIL,,
2026-02-12T17:06:19.940210,690210865470,,failed,0,False,REFETCH_FAILED,,
2026-02-12T17:08:08.469435,690210865470,"Bitter Melon Recipes: Stir-Fry, Stuffed, and Tea",failed,4,False,GATE_FAIL,,
2026-02-12T17:31:08.098131,690210832702,,failed,0,False,REFETCH_FAILED,,
2026-02-12T17:32:35.183029,690210832702,,failed,0,False,REFETCH_FAILED,,
2026-02-12T17:34:28.995872,690210832702,,failed,0,False,REFETCH_FAILED,,
2026-02-12T17:36:17.138592,690210832702,,failed,0,False,REFETCH_FAILED,,
2026-02-12T17:40:36.449574,690210799934,,failed,0,False,REFETCH_FAILED,,
2026-02-12T17:41:58.147910,690210799934,,failed,0,False,REFETCH_FAILED,,
2026-02-12T17:43:45.585160,690210799934,Five Garden Trellis Types: From Cattle Panel Arches to,failed,4,False,GATE_FAIL,,
2026-02-12T17:45:13.014647,690210799934,,failed,0,False,REFETCH_FAILED,,
2026-02-12T17:49:41.331785,690210734398,,failed,0,False,REFETCH_FAILED,,
2026-02-12T17:51:00.638863,690210734398,,failed,0,False,REFETCH_FAILED,,
2026-02-12T17:52:49.640090,690210734398,Saving Water With Smart Mulch Choices for Heat-Loving Crops,failed,5,False,GATE_FAIL,,
2026-02-12T17:54:17.527329,690210734398,,failed,0,False,REFETCH_FAILED,,
2026-02-13T03:12:51.913770,690210275646,,failed,0,False,REFETCH_FAILED,,
2026-02-13T03:18:21.681908,690210242878,,failed,0,False,REFETCH_FAILED,,
2026-02-13T03:19:38.091104,690210242878,,failed,0,False,REFETCH_FAILED,,
2026-02-13T03:24:58.767511,690210177342,,failed,0,False,REFETCH_FAILED,,
2026-02-13T03:26:17.518738,690210177342,,failed,0,False,REFETCH_FAILED,,
2026-02-13T03:27:49.542050,690210177342,Shade Cloth 30â€“50%: Keeping Bok Choy and Mustard from,done,9,True,force_rebuild,,
2026-02-13T03:29:19.766913,690210177342,,failed,0,False,REFETCH_FAILED,,
2026-02-13T04:22:53.654869,690210144574,Balcony Garden Irrigation: Wicking Buckets for Water,done,9,True,force_rebuild,,
2026-02-13T05:01:55.442695,690210079038,"Green Amaranth Seed-Saving: Drying, Winnowing, and Storage",done,10,True,manual_review_fix,,
2026-02-13T11:03:14.156680,690209784126,,failed,0,False,REFETCH_FAILED,,
2026-02-13T11:05:06.626649,690200969534,,failed,0,False,REFETCH_FAILED,,
2026-02-13T11:10:21.346809,690200903998,,failed,0,False,REFETCH_FAILED,,
2026-02-13T11:24:17.066810,690200871230,,failed,0,False,REFETCH_FAILED,,
2026-02-13T11:25:29.825983,690200871230,,failed,0,False,REFETCH_FAILED,,
2026-02-13T11:27:08.356696,690200871230,,failed,0,False,REFETCH_FAILED,,
2026-02-13T11:32:44.057190,690200740158,,failed,0,False,REFETCH_FAILED,,
2026-02-13T11:33:33.543592,690200740158,,failed,0,False,REFETCH_FAILED,,
2026-02-13T11:35:19.258607,690200740158,Saluyot/Molokhia from Seed: Heat-Loving Greens Made Simple,done,10,True,force_rebuild,,
2026-02-13T11:36:39.854353,690200740158,Saluyot/Molokhia from Seed: Heat-Loving Greens Made Simple,done,10,True,force_rebuild,,
2026-02-13T11:41:50.338088,690200707390,Growing Eastern Persimmon from Seed: Cold Stratification,done,9,True,manual_review_fix,,
2026-02-13T11:42:43.794503,690200707390,,failed,0,False,REFETCH_FAILED,,
2026-02-13T11:44:00.840353,690200707390,,failed,0,False,REFETCH_FAILED,,
2026-02-13T11:45:45.410831,690200707390,Growing Eastern Persimmon from Seed: Cold Stratification,done,9,True,force_rebuild,,
2026-02-13T15:33:48.929465,690200609086,Dallisgrass from Seed: Erosion Control Timing &,done,10,True,manual_review_fix,,
2026-02-13T15:38:50.440423,690200576318,,failed,0,False,REFETCH_FAILED,,
2026-02-13T15:40:10.863391,690200576318,Daisy Fleabane from Seed: Low-Input Wildflower Pots for,done,9,True,force_rebuild,,
2026-02-13T15:41:36.682929,690200576318,,failed,0,False,REFETCH_FAILED,,
2026-02-13T15:43:25.968052,690200576318,,failed,0,False,REFETCH_FAILED,,
2026-02-13T15:49:34.359609,690200379710,,failed,0,False,REFETCH_FAILED,,
2026-02-13T17:01:16.334296,690200314174,Sedum 'Autumn Joy' from Seed: Drought-Tolerant Color for,done,9,True,manual_review_fix,,
2026-02-13T21:42:39.564406,690199560510,Baby Mustard Greens: 30-Day Seed to Salad Plan,done,10,True,force_rebuild,,
2026-02-13T23:04:22.296147,690199494974,,failed,0,False,REFETCH_FAILED,,
2026-02-13T23:07:24.586740,689840292158,,failed,0,False,REFETCH_FAILED,,
2026-02-13T23:10:18.013395,689818992958,,failed,0,False,REFETCH_FAILED,,
2026-02-13T23:16:27.208732,689588207934,,failed,0,False,REFETCH_FAILED,,
2026-02-13T23:19:33.889145,689588044094,,failed,0,False,REFETCH_FAILED,,
2026-02-13T23:22:49.840515,689587716414,,failed,0,False,REFETCH_FAILED,,
2026-02-13T23:24:11.028191,689587716414,,failed,0,False,REFETCH_FAILED,,
2026-02-14T07:23:07.259182,682977689918,,failed,0,False,REFETCH_FAILED,,
2026-02-14T07:24:30.481343,682977689918,,failed,0,False,REFETCH_FAILED,,
2026-02-14T07:27:25.274102,682957963582,,failed,0,False,REFETCH_FAILED,,
2026-02-14T07:30:42.445102,682731602238,,failed,0,False,REFETCH_FAILED,,
2026-02-14T07:32:01.170168,682731602238,,failed,0,False,REFETCH_FAILED,,
2026-02-14T07:33:50.960404,682731602238,,failed,0,False,REFETCH_FAILED,,
2026-02-14T07:35:38.537198,682731602238,,failed,0,False,REFETCH_FAILED,,
2026-02-14T12:49:24.801137,682730717502,,failed,0,False,REFETCH_FAILED,,
2026-02-14T12:52:24.651145,682730684734,,failed,0,False,REFETCH_FAILED,,
2026-02-14T12:53:47.290541,682730684734,,failed,0,False,REFETCH_FAILED,,
2026-02-14T12:55:34.494156,682730684734,,failed,0,False,REFETCH_FAILED,,
2026-02-14T12:57:25.248582,682730684734,,failed,0,False,REFETCH_FAILED,,
2026-02-14T13:00:56.340714,682730651966,The Rise of Sustainable Agritourism,done,10,True,manual_review_fix,,
2026-02-14T14:17:53.740901,682730586430,The Concept of Holistic Permaculture,done,10,True,manual_review_fix,,
2026-02-14T14:19:40.799600,682730586430,The Concept of Holistic Permaculture,done,10,True,force_rebuild,,
2026-02-14T14:21:55.879151,682730586430,The Concept of Holistic Permaculture,done,10,True,force_rebuild,,
2026-02-14T14:24:13.450426,682730586430,The Concept of Holistic Permaculture,done,10,True,force_rebuild,,
2026-02-14T14:45:51.689420,682730553662,Permaculture Principles for Sustainable Gardens,done,9,True,manual_review_fix,,
2026-02-14T14:47:44.140489,682730553662,Permaculture Principles for Sustainable Gardens,done,9,True,force_rebuild,,
2026-02-14T14:50:07.447193,682730553662,Permaculture Principles for Sustainable Gardens,done,9,True,force_rebuild,,
2026-02-14T14:52:30.371032,682730553662,Permaculture Principles for Sustainable Gardens,done,9,True,force_rebuild,,
2026-02-14T14:56:53.308864,682730520894,The Rise of Sustainable Permaculture: The Rise of Sustainable Permaculture,failed,8,False,GATE_FAIL,,
2026-02-14T14:58:43.265651,682730520894,,failed,0,False,LLM_GENERATION_FAILED,,
2026-02-14T15:01:04.882057,682730520894,,failed,0,False,LLM_GENERATION_FAILED,,
2026-02-14T15:03:22.855688,682730520894,,failed,0,False,LLM_GENERATION_FAILED,,
2026-02-14T15:07:55.619798,682730488126,Utilizing Technology and AI for Environmental Conservation: Utilizing Technology and AI for Environmental Conservation,failed,7,False,GATE_FAIL,,
2026-02-14T15:09:47.954944,682730488126,,failed,0,False,LLM_GENERATION_FAILED,,
2026-02-14T15:12:07.391879,682730488126,,failed,0,False,LLM_GENERATION_FAILED,,
2026-02-14T15:14:26.532157,682730488126,,failed,0,False,LLM_GENERATION_FAILED,,
2026-02-14T19:01:53.350035,690770805054,Lavender Uses Home Remedies: Simple Everyday Care Guide,failed,8,False,GATE_FAIL,,
2026-02-14T19:51:58.098723,690770805054,Lavender Uses Home Remedies: Simple Everyday Care Guide,failed,8,False,GATE_FAIL,,
2026-02-15T05:09:03.732522,690496340286,Beeswax Wraps DIY Food Storage: Sustainable Kitchen Guide,failed,7,False,GATE_FAIL,,
2026-02-15T07:30:30.637066,690283249982,Protecting Red Maple Trees from Heat Stress: Mulching,failed,7,False,GATE_FAIL,,
2026-02-16T16:57:29.823613,690525110590,Walipini Greenhouse Grow Food Year-Round: Beginner Build Guide,failed,7,False,GATE_FAIL,,
2026-02-16T17:44:44.875613,690496799038,Fermenting Vegetables at Home: A Beginner's Guide to Lacto-Fermentation,done,10,True,manual_review_fix,,
2026-02-16T17:44:59.700897,690496733502,Natural Air Fresheners DIY Recipes: Chemical-Free Home Guide,done,10,True,manual_review_fix,,
2026-02-16T18:56:50.872188,690495684926,Dry Herbs Preserve from Your Garden: Easy Drying Guide,failed,8,False,GATE_FAIL,,
2026-02-16T18:57:33.416498,690495553854,Ginger Paste Meal Prep: Easy Weeknight Cooking Shortcut,done,9,True,review+cleanup+publish,,
2026-02-16T19:16:12.982649,690495390014,Granola Easy Recipe Oats: Natural Sweeteners and Crunch,failed,7,False,GATE_FAIL,,
2026-02-16T19:16:48.783176,690348097854,Natural Cordage Making: Strong Rope from Plants Guide,failed,9,False,HARD_BLOCK: Word count 1501 < 1800,,
2026-02-16T19:23:45.476406,690498470206,Cutting Garden Grow Flowers for Bouquets: Easy Seasonal Plan,done,10,True,review+cleanup+publish,,
2026-02-16T19:42:52.429658,690332401982,Bell Pepper Gardening: Grow Healthy Plants in Containers,done,10,True,review+cleanup+publish,,
2026-02-16T19:43:07.559778,690332369214,Soda Bottle Drip Feeder: Garden Irrigation,done,9,True,review+cleanup+publish,,
2026-02-16T20:06:34.165987,690332336446,Survival Garden Food and Medicine: Practical Plan for Families,done,10,True,force_rebuild,,
2026-02-16T20:06:38.868129,690332336446,Survival Garden Food and Medicine: Practical Plan for Families,done,10,True,review+cleanup+publish,,
2026-02-16T20:07:44.746469,690332172606,Dwarf Fruit Trees: Small Spaces,done,9,True,review+cleanup+publish,,
2026-02-16T20:11:30.839472,690332139838,DIY Outdoor Sink Ideas: Easy Step-by-Step Build Guide,done,10,True,review+cleanup+publish,,
2026-02-16T20:21:05.506833,690332041534,"Lavender Leaves Uses: Benefits, How to Use, Safety Tips",done,9,True,force_rebuild,,
2026-02-16T20:21:23.460086,690332041534,"Lavender Leaves Uses: Benefits, How to Use, Safety Tips",done,9,True,review+cleanup+publish,,
2026-02-16T20:33:21.443171,690348097854,Natural Cordage Making: Strong Rope from Plants Guide,done,10,True,review+cleanup+publish,,
2026-02-16T20:34:00.330276,690332270910,DIY Plant Pot Ideas: Budget-Friendly Steps for Outdoor Decor,done,10,True,review+cleanup+publish,,
2026-02-16T20:55:15.729836,690332238142,Cinder Blocks DIY Outdoor Decorations: Budget Garden Projects,done,9,True,force_rebuild,,
2026-02-16T20:55:19.700061,690332238142,Cinder Blocks DIY Outdoor Decorations: Budget Garden Projects,done,9,True,review+cleanup+publish,,
2026-02-16T20:55:46.655366,690332205374,Tree Area Landscaping Ideas: Shaded Yards,done,10,True,review+cleanup+publish,,
2026-02-16T20:56:14.585493,690332107070,Flower Bed Ideas: 16 Unique Designs for Every Yard,done,10,True,review+cleanup+publish,,
<<<<<<< Updated upstream
2026-02-16T21:10:15.306333,690332008766,Snake Plant Bloom: How to Make It Flower Indoors,failed,7,False,GATE_FAIL,,
<<<<<<< Updated upstream
=======
2026-02-16T21:24:49.644143,690331943230,Black Houseplants: Best Varieties and Care Guide Indoors,failed,8,False,GATE_FAIL,,
>>>>>>> Stashed changes
=======
2026-02-16T21:43:22.045983,690331910462,"Healing Bedroom Plants: Tips, Mistakes, and Easy Fixes",done,9,True,force_rebuild,,
2026-02-16T21:43:27.117860,690331910462,"Healing Bedroom Plants: Tips, Mistakes, and Easy Fixes",done,9,True,review+cleanup+publish,,
>>>>>>> Stashed changes
<<<<<<< Updated upstream
2026-02-16T22:02:59.958191,690331779390,Hanging Flowers Blooming All Summer: Simple Care Guide,failed,9,False,pre_publish_review_fail_after_fix,,
2026-02-16T22:12:31.420489,690331648318,Cucumber Trellis Space-Saving: Support Ideas for Small Gardens,failed,7,False,GATE_FAIL,,
<<<<<<< Updated upstream
=======
2026-02-16T22:25:14.048645,690331615550,Tire Garden Upcycled Planter Ideas: Easy Projects for Yards,failed,8,False,GATE_FAIL,,
>>>>>>> Stashed changes
=======
2026-02-16T22:33:10.831518,690325225790,27 Christmas Bauble Decoration Ideas,done,9,True,review+cleanup+publish,,
2026-02-16T22:33:27.948567,690325160254,36 Greenhouse Ideas,done,9,True,review+cleanup+publish,,
2026-02-16T22:43:20.034946,690325127486,DIY Festive Cardboard Mantel,done,10,True,force_rebuild,,
2026-02-16T22:43:25.232011,690325127486,DIY Festive Cardboard Mantel,done,10,True,review+cleanup+publish,,
>>>>>>> Stashed changes
2026-02-16T22:53:19.169614,690325029182,How to Build a Homemade Vermicomposter,done,9,True,review+cleanup+publish,,
2026-02-16T22:53:34.968092,690324963646,How to Remove Tree Stump: Step-by-Step Guide + Pro Tips,done,9,True,review+cleanup+publish,,
2026-02-16T22:54:03.234860,690324799806,Building a Bamboo Trellis Guide,done,9,True,review+cleanup+publish,,
2026-02-16T23:09:14.278948,690324767038,"Hairy Bittercress Benefits: Uses, Dosage, Side Effects &",done,9,True,review+cleanup+publish,,
2026-02-16T23:09:37.985820,690324701502,"Chili Leaves Benefits: Nutrition Facts, How to Use, and",done,9,True,review+cleanup+publish,,
2026-02-16T23:09:53.905133,690324570430,"Papaya Sap Benefits: Uses, Dosage, Side Effects &",done,9,True,review+cleanup+publish,,
2026-02-16T23:31:50.423852,690324504894,How to Craft Pom Pom Ornaments,failed,6,False,GATE_FAIL,,
2026-02-16T23:32:53.156518,690324472126,"Walnut Leaves Benefits: Nutrition Facts, How to Use, and",done,9,True,review+cleanup+publish,,
2026-02-16T23:33:08.854917,690324439358,"Cabbage Leaves Benefits: Nutrition Facts, How to Use",done,9,True,review+cleanup+publish,,
2026-02-16T23:42:58.674019,690324275518,"Horsetail Benefits: Uses, Dosage, Side Effects &",done,9,True,review+cleanup+publish,,
2026-02-16T23:43:30.110241,690324242750,DIY Snowflake Decor from Plastic Hangers,done,9,True,review+cleanup+publish,,
2026-02-16T23:43:54.195540,690324209982,33 Christmas Vase for Home Decor Ideas,done,9,True,review+cleanup+publish,,
2026-02-16T23:58:13.192507,690324046142,How to Create Paw Print Christmas Tree Keepsake,done,9,True,review+cleanup+publish,,
2026-02-16T23:58:29.651686,690324013374,22 Recycled Gnome Ideas,done,9,True,review+cleanup+publish,,
2026-02-16T23:58:53.167208,690323915070,"Clove Tea Benefits: Nutrition Facts, How to Use, and",done,9,True,review+cleanup+publish,,
2026-02-17T00:47:53.121336,690323882302,"Rosemary Benefits: Uses, Dosage, Side Effects & Interactions",done,10,True,force_rebuild,,
2026-02-17T00:47:59.142559,690323882302,"Rosemary Benefits: Uses, Dosage, Side Effects & Interactions",done,10,True,review+cleanup+publish,,
2026-02-17T00:48:30.911740,690323816766,DIY Plastic Cup Snowman: Easy Step-by-Step + Budget-Friendly,done,9,True,review+cleanup+publish,,
2026-02-17T00:49:17.243200,690323751230,"Lavender Benefits: Uses, Dosage, Side Effects & Interactions",done,9,True,review+cleanup+publish,,
2026-02-17T01:06:29.197101,690323718462,"Kyllinga Brevifolia Benefits: Uses, Dosage, Side Effects",done,9,True,review+cleanup+publish,,
2026-02-17T01:07:10.405746,690323521854,"Bitter Leaf Benefits: Uses, Dosage, Side Effects &",done,9,True,review+cleanup+publish,,
2026-02-17T01:07:27.129859,690323390782,"Foxtail Grass Benefits: Uses, Dosage, Side Effects &",done,9,True,review+cleanup+publish,,
2026-02-17T01:48:46.716560,690323358014,"Soursop Leaves Benefits: Nutrition Facts, How to Use",done,9,True,review+cleanup+publish,,
2026-02-17T01:49:05.394999,690323194174,"Hawthorn Benefits: Uses, Dosage, Side Effects & Interactions",done,9,True,review+cleanup+publish,,
2026-02-17T01:49:23.631135,690323128638,How to Turn Plastic Bottles into Rotating Irrigation System,done,9,True,review+cleanup+publish,,
2026-02-17T02:49:38.232392,690323030334,"Calendula Benefits: Uses, Dosage, Side Effects &",done,9,True,review+cleanup+publish,,
2026-02-17T02:59:24.885041,690322899262,"Common Rue Benefits (Ruta graveolens): Uses, Dosage, Side Effects",failed,8,False,GATE_FAIL,,
2026-02-17T03:00:29.214703,690322735422,"Cleavers Benefits: Uses, Dosage, Side Effects & Interactions",done,9,True,review+cleanup+publish,,
2026-02-17T03:45:54.587538,690322669886,Papaya Leaf for Battling Dengue Fever,done,9,True,review+cleanup+publish,,
2026-02-17T03:55:33.004775,690322637118,"Nopal Cactus Benefits: Uses, Dosage, Side Effects &",done,9,True,force_rebuild,,
2026-02-17T03:55:44.327701,690322637118,"Nopal Cactus Benefits: Uses, Dosage, Side Effects &",done,9,True,review+cleanup+publish,,
2026-02-17T03:56:10.577189,690322571582,Pruning Rose Bushes Guide,done,9,True,review+cleanup+publish,,
2026-02-17T04:32:33.701917,690322506046,"Wild Violet Benefits: Uses, Dosage, Side Effects &",done,9,True,review+cleanup+publish,,
2026-02-17T04:42:05.153473,690322473278,Milkweed for Treating Diarrhea,failed,8,False,GATE_FAIL,,
2026-02-17T04:52:23.763453,690322440510,Aloe Vera for Hair Health,failed,8,False,GATE_FAIL,,
2026-02-17T05:12:57.032236,690322374974,How to Propagate Sansevieria,done,9,True,review+cleanup+publish,,
2026-02-17T05:13:13.722543,690322243902,"Chelidonium Majus Benefits: Uses, Dosage, Side Effects &",done,9,True,review+cleanup+publish,,
2026-02-17T05:14:59.311995,690314838334,"Collard Greens Benefits: Nutrition Facts, How to Use",done,9,True,review+cleanup+publish,,
2026-02-17T05:55:07.897790,690314543422,"Thyme Benefits: Uses, Dosage, Side Effects & Interactions",done,10,True,force_rebuild,,
2026-02-17T05:55:14.256840,690314543422,"Thyme Benefits: Uses, Dosage, Side Effects & Interactions",done,10,True,review+cleanup+publish,,
2026-02-17T05:55:45.698535,690314510654,"Comfrey Benefits: Uses, Dosage, Side Effects & Interactions",failed,9,False,GATE_FAIL,,
2026-02-17T05:56:11.404431,690313953598,"Knotweed Benefits: Uses, Dosage, Side Effects",done,9,True,review+cleanup+publish,,
2026-02-17T06:11:24.597291,690309071166,"Black Garlic Benefits: Uses, Dosage, Side Effects &",done,9,True,review+cleanup+publish,,
2026-02-17T06:11:50.429604,690309038398,"Marshmallow Benefits: Uses, Dosage, Side Effects &",done,9,True,review+cleanup+publish,,
2026-02-17T06:12:16.900270,690308972862,"Cranberries Benefits: Nutrition Facts, How to Use, and",done,9,True,review+cleanup+publish,,
2026-02-17T06:36:45.901123,690308874558,"Pumpkin Benefits: Nutrition Facts, How to Use, and Side",done,9,True,review+cleanup+publish,,
2026-02-17T06:37:01.999198,690305335614,"Blechnaceae Benefits: Uses, Dosage, Side Effects",done,9,True,review+cleanup+publish,,
2026-02-17T06:37:18.170794,690304942398,"Boiled Bananas Benefits: Nutrition Facts, How to Use",done,9,True,review+cleanup+publish,,
2026-02-17T07:11:20.888491,690296357182,Lemongrass Tea: Hot Brew vs Cold Brew for Warm Weather,done,9,True,force_rebuild,,
2026-02-17T07:11:38.827516,690296357182,Lemongrass Tea: Hot Brew vs Cold Brew for Warm Weather,done,9,True,review+cleanup+publish,,
2026-02-17T07:12:11.703919,690296291646,"Passionflower Tea for Evenings: Perfect Ratios, Steep",done,9,True,review+cleanup+publish,,
2026-02-17T07:12:26.426714,690295800126,Water Spinach Container Culture for Rainy Seasons and,done,9,True,review+cleanup+publish,,
2026-02-17T07:33:01.123161,690295570750,Mustard Greens: Spring and Fall Sowing Guide for,done,9,True,review+cleanup+publish,,
2026-02-17T07:33:15.409242,690295505214,Bitter Melon Cool-Season Strategies for Mild Coastal,done,9,True,review+cleanup+publish,,
2026-02-17T07:33:30.183867,690295472446,Bitter Melon Monsoon Drainage and Trellis Ideas for,done,9,True,review+cleanup+publish,,
2026-02-17T08:07:01.164681,690295406910,Syzygium nervosum Tea: Floral-Spice Profile and Light,failed,8,False,GATE_FAIL,,
2026-02-17T08:07:18.491211,690295406910,Syzygium nervosum Tea: Floral-Spice Profile and Light,done,10,True,auto_fix,,
2026-02-17T08:07:53.057494,690295177534,Pandan Tea Syrup: Iced Drinks,done,9,True,review+cleanup+publish,,
2026-02-17T08:08:08.910463,690295111998,Lemongrass Batch Brew: Make-Ahead Iced Tea for the Week,done,9,True,review+cleanup+publish,,
<<<<<<< Updated upstream
2026-02-17T08:29:12.719427,690293735742,Daisy Fleabane Care: Wildflower Look Without the Flop,done,9,True,force_rebuild,,
2026-02-17T08:29:53.209323,690293670206,Globe Amaranth Bed Design: Color Blocks That Pop in Sun,done,9,True,review+cleanup+publish,,
=======
2026-02-17T08:47:47.623115,690293637438,Globe Amaranth Edible Uses: Confetti Salads and Cake,failed,7,False,GATE_FAIL,,
2026-02-17T08:48:47.917600,690293276990,Green Amaranth Nutrients: Tender Leaves Without Nitrate,done,9,True,review+cleanup+publish,,
2026-02-17T08:49:03.392435,690293014846,Water Spinach Hydroponic Setup: Optimal Nutrient,done,9,True,review+cleanup+publish,,
>>>>>>> Stashed changes
2026-02-17T09:01:36.725291,690292654398,Bok Choy Flavor Fixes: Preventing Bitterness and Hollow,done,9,True,review+cleanup+publish,,
2026-02-17T09:11:05.726065,690292556094,Bok Choy for Small Spaces: Square-Foot Layouts That,done,9,True,force_rebuild,,
2026-02-17T09:11:16.413466,690292556094,Bok Choy for Small Spaces: Square-Foot Layouts That,done,9,True,review+cleanup+publish,,
2026-02-17T09:11:40.062240,690292392254,Mustard Greens Mixes: Mild-to-Spicy Rows for Every Palate,done,9,True,review+cleanup+publish,,
2026-02-17T09:26:37.593286,690292195646,"Cold Stratification Guide: Maple, Magnolia, Sedum, and",done,9,True,review+cleanup+publish,,
2026-02-17T09:26:52.563192,690291769662,Succession Calendar: Weekly Sows for Nonstop Harvest,done,9,True,review+cleanup+publish,,
2026-02-17T09:27:07.330627,690291376446,Soil Mix Recipes: Leafy Greens vs Vines vs Flowers,done,9,True,review+cleanup+publish,,
2026-02-17T09:48:18.593302,690289738046,"Red Palm Oil: Golden Rice, Savory Sauces, and Aroma",done,9,True,review+cleanup+publish,,
2026-02-17T09:57:57.376417,690287935806,Blackstrap Molasses in Baking: Achieve Moist Crumb,failed,6,False,GATE_FAIL,,
2026-02-17T10:08:03.300815,690287804734,Bitter Melon Tea: Salt-Rinse vs Hot-Steep for Better,done,10,True,force_rebuild,,
2026-02-17T10:08:08.148546,690287804734,Bitter Melon Tea: Salt-Rinse vs Hot-Steep for Better,done,10,True,review+cleanup+publish,,
2026-02-17T10:18:56.516766,690284396862,Water Spinach Continuous Cut System: Weekly Regrowth Guide,done,9,True,force_rebuild,,
2026-02-17T10:19:13.524156,690284396862,Water Spinach Continuous Cut System: Weekly Regrowth Guide,done,9,True,review+cleanup+publish,,
2026-02-17T10:19:39.828482,690284003646,"Water Spinach: Semi-Hydro Buckets for Fast, Clean Harvests",done,10,True,review+cleanup+publish,,
2026-02-17T10:29:13.902663,690283741502,Sedum 'Autumn Joy' Heat Care: Reflective Mulch and Light,failed,7,False,GATE_FAIL,,
2026-02-17T10:31:07.280900,690283544894,"Glutinous Corn Storage: Freezing, Husk-On Holding, and",done,9,True,review+cleanup+publish,,
2026-02-17T10:31:22.096228,690283512126,Glutinous Corn Watering: Milky Stage Care for Best Texture,done,9,True,review+cleanup+publish,,
2026-02-17T10:31:48.012506,690283348286,Eastern Persimmon Seedling Sexing: Graft Timing Guide,done,10,True,review+cleanup+publish,,
2026-02-17T10:59:40.452387,690283315518,Magnolia Seedling Success: First Year Care & Winterizing,done,10,True,review+cleanup+publish,,
2026-02-17T11:00:03.551677,690211717438,Breakfast Bowls: Superfood Powder Combos That Taste Good,done,10,True,review+cleanup+publish,,
2026-02-17T11:00:25.846393,690211684670,Red Palm Oil in High-Heat Cooking: Smoke Point & Safety,done,10,True,review+cleanup+publish,,
2026-02-17T11:33:09.317218,690211029310,"Guava Leaf Tea Pairings: Citrus, Mint, and Gentle Sweeteners",done,10,True,force_rebuild,,
2026-02-17T11:33:14.654364,690211029310,"Guava Leaf Tea Pairings: Citrus, Mint, and Gentle Sweeteners",done,10,True,review+cleanup+publish,,
2026-02-17T11:43:23.590978,690210996542,Guava Leaf Tea: Steeping Temperatures for Clean,done,9,True,force_rebuild,,
<<<<<<< Updated upstream
2026-02-17T12:11:24.719442,690210832702,Low-Light Strategies: Reflective Surfaces for Shady,done,9,True,force_rebuild,,
2026-02-17T12:11:44.192295,690210832702,Low-Light Strategies: Reflective Surfaces for Shady,done,9,True,review+cleanup+publish,,
2026-02-17T12:21:28.244387,690210799934,Five Garden Trellis Types: From Cattle Panel Arches to,failed,8,False,GATE_FAIL,,
<<<<<<< Updated upstream
=======
2026-02-17T12:48:03.734407,690210734398,Saving Water With Smart Mulch Choices for Heat-Loving Crops,done,9,True,force_rebuild,,
2026-02-17T12:48:09.438502,690210734398,Saving Water With Smart Mulch Choices for Heat-Loving Crops,done,9,True,review+cleanup+publish,,
>>>>>>> Stashed changes
=======
2026-02-17T13:09:03.249446,690331812158,Rose Propagation Grow Roses: Simple Calyx Method Guide,failed,8,False,GATE_FAIL,,
2026-02-17T13:09:17.771873,690331812158,Rose Propagation Grow Roses: Simple Calyx Method Guide,done,10,True,auto_fix,,
2026-02-17T13:18:52.094414,690331484478,Garden Decorations DIY: Ideas for Outdoor Spaces on a Budget,failed,8,False,GATE_FAIL,,
>>>>>>> Stashed changes
2026-02-17T13:31:15.385757,690331451710,Backyard Landscaping: Small-Space Ideas for Low-Maintenance Yards on a Budget,done,9,True,force_rebuild,,
2026-02-17T13:31:21.705578,690331451710,Backyard Landscaping: Small-Space Ideas for Low-Maintenance Yards on a Budget,done,9,True,review+cleanup+publish,,
2026-02-17T13:40:51.536142,690331353406,Halloween Pathway Decor: Outdoor Ideas for Spooky Walkways,failed,8,False,GATE_FAIL,,
2026-02-17T13:51:17.149477,690331287870,Halloween Fence Decoration: Yards and Gates,done,9,True,force_rebuild,,
2026-02-17T13:51:22.494507,690331287870,Halloween Fence Decoration: Yards and Gates,done,9,True,review+cleanup+publish,,
2026-02-17T15:01:12.504490,690330861886,Gnome Gardens: Whimsical Ideas for Playful Backyard Displays,done,9,True,review+cleanup+publish,,
<<<<<<< Updated upstream
2026-02-17T15:39:16.201816,690330763582,"Garden Borders: Creative Ideas for Neat, Low-Maintenance Edges",failed,8,False,GATE_FAIL,,
2026-02-17T15:49:41.888029,690330730814,Pistachio Trees How to Grow: Container Care and Harvest Tips,failed,8,False,GATE_FAIL,,
=======
2026-02-17T16:12:26.554392,690330599742,Fall Tray Decor: 24 Cozy Ideas for Tables and Shelves,failed,8,False,GATE_FAIL,,
>>>>>>> Stashed changes
2026-02-17T17:22:34.353053,690330304830,Wood Hexagon Shelves: DIY Wall Decor for Plants,failed,6,False,GATE_FAIL,,
2026-02-17T18:29:41.832572,690329878846,Fall Signs: DIY Ideas and Tips for Front Porch,done,10,True,review+cleanup+publish,,
2026-02-17T18:42:29.791445,690329682238,Kitchen Counter Decor Styling: Simple Ideas for Everyday Beauty,done,9,True,review+cleanup+publish,,
2026-02-17T18:43:12.073323,690329649470,Lavender Candles: DIY Tutorial and Tips for Relaxation,done,9,True,review+cleanup+publish,,
2026-02-17T19:39:59.924083,690329518398,Moon Gate Garden Entry: Elegant Ideas for a Peaceful Path,done,9,True,force_rebuild,,
2026-02-17T19:40:19.922496,690329518398,Moon Gate Garden Entry: Elegant Ideas for a Peaceful Path,done,9,True,review+cleanup+publish,,
2026-02-17T19:40:46.001697,690329485630,Yard Art DIY Outdoor: Easy Projects for a Unique Garden,done,9,True,review+cleanup+publish,,
2026-02-17T19:41:52.348254,690329452862,Book Page Ghost Garland: DIY Halloween Craft for Parties,done,10,True,review+cleanup+publish,,
2026-02-17T19:51:33.778640,690329420094,Bathroom Counter Decor Ideas: Tips for Small Baths,done,10,True,review+cleanup+publish,,
2026-02-17T19:52:14.489858,690329321790,Boho Bathroom Decor: Warm Styling Ideas for a Relaxed Retreat,done,10,True,review+cleanup+publish,,
2026-02-17T20:20:30.200218,690329092414,Mini Rock Gardens: Easy Design Ideas for Small Yards,failed,5,False,GATE_FAIL,,
2026-02-17T20:31:49.348580,690328994110,Yellow Bathroom Ideas: 21 Cheerful Looks for Small Baths,done,10,True,review+cleanup+publish,,
2026-02-17T22:01:26.938713,690328568126,Mailbox Landscaping: 27 Easy Ideas for Curb Appeal,done,9,True,review+cleanup+publish,,
2026-02-17T22:02:09.211922,690328535358,Birdbath Ideas: DIY Projects for Any Garden Today,done,9,True,review+cleanup+publish,,
2026-02-17T22:08:00.016108,690328502590,Leaf Confetti: DIY Fall Craft and Cleanup Tips,done,9,True,review+cleanup+publish,,
2026-02-17T22:08:16.158548,690328469822,Old Wheel Repurposing: Garden Decor Ideas and Tips,done,9,True,review+cleanup+publish,,
2026-02-17T22:41:33.972247,690328305982,Spilled Flower Pots: 22 Easy Ideas and Tips,done,9,True,review+cleanup+publish,,
2026-02-17T23:40:30.314299,690327912766,Outdoor Table Retreat Ideas: 24 Cozy Outdoor Table Styling Ideas,failed,8,False,GATE_FAIL,,
2026-02-17T23:40:45.504037,690327912766,Outdoor Table Retreat Ideas: 24 Cozy Outdoor Table Styling Ideas,done,10,True,auto_fix,,
2026-02-18T00:01:20.666754,690327650622,Snowman Wreath Ideas: 23 Cozy DIY Designs for Winter Doors,done,9,True,review+cleanup+publish,,
2026-02-18T00:01:42.796551,690327617854,Upcycled Light Bulb Ideas: 21 DIY Decor Projects for Cozy Homes,done,9,True,review+cleanup+publish,,
